t,x1,x2,x3
0.0000000000,1.0000000000,1.0000000000,1.0000000000
0.0100000000,1.0125671911,1.2599177989,0.9848909718
0.0200000000,1.0488237097,1.5239971313,0.9731142199
0.0300000000,1.1072088543,1.7983098897,0.9651589513
0.0400000000,1.1868680167,2.0885401422,0.9617372249
0.0500000000,1.2875570573,2.4001544637,0.9638060638
0.0600000000,1.4095706581,2.7385456137,0.9726081699
0.0700000000,1.5536900617,3.1091539685,0.9897311223
0.0800000000,1.7211463805,3.5175694552,1.0171865238
0.0900000000,1.9135962033,3.9696150098,1.0575118554
0.1000000000,2.1331065433,4.4714106479,1.1138989185
0.1100000000,2.3821462580,5.0294149485,1.1903537267
0.1200000000,2.6635809101,5.6504379046,1.2918934997
0.1300000000,2.9806675795,6.3416154466,1.4247868775
0.1400000000,3.3370453308,7.1103312330,1.5968433322
0.1500000000,3.7367157938,7.9640652187,1.8177565222
0.1600000000,4.1840065339,8.9101408011,2.0995032544
0.1700000000,4.6835074584,9.9553328732,2.4567936192
0.1800000000,5.2399673251,11.1052881076,2.9075570280
0.1900000000,5.8581334531,12.3636971933,3.4734309649
0.2000000000,6.5425131039,13.7311488205,4.1801912243
0.2100000000,7.2970301079,15.2035915127,5.0580208556
0.2200000000,8.1245461540,16.7703400206,6.1414571172
0.2300000000,9.0262145969,18.4116009575,7.4687812210
0.2400000000,10.0006389002,20.0955764759,9.0805309659
0.2500000000,11.0428228652,21.7753582556,11.0167410426
0.2600000000,12.1429322465,23.3860678330,13.3124912051
0.2700000000,13.2849445316,24.8430357730,15.9914393602
0.2800000000,14.4453503563,26.0421958638,19.0573329443
0.2900000000,15.5921823513,26.8641686409,22.4841251867
0.3000000000,16.6847634762,27.1834731358,26.2062973294
0.3100000000,17.6746391932,26.8836058397,30.1121349668
0.3200000000,18.5081130555,25.8771055504,34.0435490905
0.3300000000,19.1305684711,24.1273030909,37.8058089420
0.3400000000,19.4923057122,21.6660395919,41.1885556680
0.3500000000,19.5550406766,18.6006737054,43.9956923838
0.3600000000,19.2977226559,15.1055610686,46.0774748055
0.3700000000,18.7202115289,11.3979755909,47.3556686651
0.3800000000,17.8437760211,7.7042584117,47.8339540886
0.3900000000,16.7082339760,4.2257612452,47.5907676944
0.4000000000,15.3664985361,1.1137575723,46.7580152453
0.4100000000,13.8779140648,-1.5416692574,45.4933241326
0.4200000000,12.3018476690,-3.7091436620,43.9539820319
0.4300000000,10.6926187956,-5.4042063807,42.2780567360
0.4400000000,9.0962594951,-6.6737023282,40.5744633344
0.4500000000,7.5490648350,-7.5808287674,38.9207973663
0.4600000000,6.0775619957,-8.1933775763,37.3663546979
0.4700000000,4.6994116543,-8.5759060180,35.9376975033
0.4800000000,3.4247928378,-8.7854212150,34.6447803579
0.4900000000,2.2579326743,-8.8696764093,33.4864664580
0.5000000000,1.1985649579,-8.8671390009,32.4549326014
0.5100000000,0.2432037949,-8.8078691436,31.5388912320
0.5200000000,-0.6138094172,-8.7147816789,30.7257773606
0.5300000000,-1.3794836451,-8.6049706939,30.0031254705
0.5400000000,-2.0615559258,-8.4909275227,29.3593600293
0.5500000000,-2.6680359054,-8.3815809871,28.7841873204
0.5600000000,-3.2068833870,-8.2831453222,28.2687316511
0.5700000000,-3.6857884650,-8.1997899745,27.8055179651
0.5800000000,-4.1120287383,-8.1341572193,27.3883699198
0.5900000000,-4.4923831582,-8.0877559190,27.0122680255
0.6000000000,-4.8330866257,-8.0612575511,26.6731952469
0.6100000000,-5.1398132654,-8.0547166586,26.3679858794
0.6200000000,-5.4176793532,-8.0677335954,26.0941859804
0.6300000000,-5.6712592386,-8.0995735440,25.8499289178
0.6400000000,-5.9046094092,-8.1492525388,25.6338267670
0.6500000000,-6.1212971922,-8.2155986472,25.4448766824
0.6600000000,-6.3244316017,-8.2972944936,25.2823805517
0.6700000000,-6.5166945902,-8.3929058390,25.1458759043
0.6800000000,-6.7003715215,-8.5008998547,25.0350759972
0.6900000000,-6.8773801021,-8.6196559513,24.9498171271
0.7000000000,-7.0492973258,-8.7474714796,24.8900114293
0.7100000000,-7.2173842266,-8.8825642297,24.8556036881
0.7200000000,-7.3826084285,-9.0230733914,24.8465309699
0.7300000000,-7.5456646247,-9.1670604451,24.8626841882
0.7400000000,-7.7069932454,-9.3125113163,24.9038710137
0.7500000000,-7.8667976635,-9.4573410071,24.9697798516
0.7600000000,-8.0250603693,-9.5994018071,25.0599449167
0.7700000000,-8.1815586003,-9.7364960508,25.1737127500
0.7800000000,-8.3358799500,-9.8663942247,25.3102108210
0.7900000000,-8.4874384989,-9.9868590090,25.4683191475
0.8000000000,-8.6354919987,-10.0956755615,25.6466461169
0.8100000000,-8.7791606053,-10.1906880112,25.8435098963
0.8200000000,-8.9174475860,-10.2698417183,26.0569269412
0.8300000000,-9.0492623225,-10.3312304004,26.2846091372
0.8400000000,-9.1734457901,-10.3731467340,26.5239710071
0.8500000000,-9.2887985226,-10.3941345494,26.7721481669
0.8600000000,-9.3941108660,-10.3930402960,27.0260278132
0.8700000000,-9.4881951097,-10.3690611038,27.2822914724
0.8800000000,-9.5699188521,-10.3217865654,27.5374695608
0.8900000000,-9.6382387468,-10.2512313562,27.7880065394
0.9000000000,-9.6922335888,-10.1578560317,28.0303346552
0.9100000000,-9.7311355684,-10.0425738078,28.2609535146
0.9200000000,-9.7543584543,-9.9067418313,28.4765121206
0.9300000000,-9.7615214849,-9.7521363358,28.6738895952
0.9400000000,-9.7524678557,-9.5809120975,28.8502706690
0.9500000000,-9.7272768840,-9.3955476467,29.0032121811
0.9600000000,-9.6862692081,-9.1987786675,29.1306973056
0.9700000000,-9.6300047110,-8.9935228246,29.2311749643
0.9800000000,-9.5592732251,-8.7827998029,29.3035828344
0.9900000000,-9.4750784439,-8.5696505912,29.3473534228
1.0000000000,-9.3786158072,-8.3570599553,29.3624037501
1.0100000000,-9.2712454141,-8.1478856525,29.3491101613
1.0200000000,-9.1544612236,-7.9447972993,29.3082705740
1.0300000000,-9.0298579247,-7.7502269817,29.2410570281
1.0400000000,-8.8990968777,-7.5663327987,29.1489616806
1.0500000000,-8.7638724699,-7.3949756358,29.0337394098
1.0600000000,-8.6258800826,-7.2377086547,28.8973499770
1.0700000000,-8.4867866782,-7.0957783244,28.7419023019
1.0800000000,-8.3482047752,-6.9701353282,28.5696028975
1.0900000000,-8.2116703376,-6.8614533874,28.3827099449
1.1000000000,-8.0786248582,-6.7701539202,28.1834939306
1.1100000000,-7.9504016930,-6.6964344896,27.9742052505
1.1200000000,-7.8282165088,-6.6402991505,27.7570487523
1.1300000000,-7.7131615514,-6.6015890407,27.5341648418
1.1400000000,-7.6062033265,-6.5800118478,27.3076165326
1.1500000000,-7.5081832057,-6.5751690806,27.0793816654
1.1600000000,-7.4198204318,-6.5865803713,26.8513494412
1.1700000000,-7.3417169855,-6.6137042950,26.6253204038
1.1800000000,-7.2743637895,-6.6559554281,26.4030090322
1.1900000000,-7.2181477596,-6.7127175548,26.1860481712
1.2000000000,-7.1733592566,-6.7833530781,25.9759945984
1.2100000000,-7.1401995477,-6.8672088050,25.7743351181
1.2200000000,-7.1187879430,-6.9636183518,25.5824926437
1.2300000000,-7.1091683298,-7.0719014672,25.4018318103
1.2400000000,-7.1113148849,-7.1913606051,25.2336637168
1.2500000000,-7.1251367986,-7.3212750978,25.0792494476
1.2600000000,-7.1504818929,-7.4608932938,24.9398020630
1.2700000000,-7.1871390640,-7.6094230368,24.8164867771
1.2800000000,-7.2348395219,-7.7660208786,24.7104190631
1.2900000000,-7.2932568410,-7.9297804399,24.6226604484
1.3000000000,-7.3620058748,-8.0997203637,24.5542117825
1.3100000000,-7.4406406272,-8.2747723509,24.5060037872
1.3200000000,-7.5286512136,-8.4537698141,24.4788847405
1.3300000000,-7.6254600850,-8.6354377519,24.4736051989
1.3400000000,-7.7304177341,-8.8183845067,24.4907997420
1.3500000000,-7.8427981453,-9.0010961366,24.5309658267
1.3600000000,-7.9617943009,-9.1819341882,24.5944399737
1.3700000000,-8.0865141004,-9.3591376982,24.6813716783
1.3800000000,-8.2159770972,-9.5308302575,24.7916956338
1.3900000000,-8.3491124959,-9.6950329436,24.9251030912
1.4000000000,-8.4847588838,-9.8496838323,25.0810134220
1.4100000000,-8.6216661863,-9.9926646378,25.2585472149
1.4200000000,-8.7585003299,-10.1218347863,25.4565024750
1.4300000000,-8.8938510634,-10.2350728926,25.6733357055
1.4400000000,-9.0262433237,-10.3303251842,25.9071497857
1.4500000000,-9.1541524283,-10.4056599178,26.1556905973
1.4600000000,-9.2760232303,-10.4593262763,26.4163542479
1.4700000000,-9.3902931911,-10.4898156627,26.6862064779
1.4800000000,-9.4954191017,-10.4959227697,26.9620153931
1.4900000000,-9.5899069390,-10.4768033578,27.2402980347
1.5000000000,-9.6723440855,-10.4320253947,27.5173805121
1.5100000000,-9.7414328894,-10.3616101433,27.7894705146
1.5200000000,-9.7960243240,-10.2660599969,28.0527400641
1.5300000000,-9.8351503400,-10.1463703636,28.3034154546
1.5400000000,-9.8580534167,-10.0040236944,28.5378705507
1.5500000000,-9.8642118303,-9.8409647863,28.7527190749
1.5600000000,-9.8533592691,-9.6595576940,28.9449012981
1.5700000000,-9.8254976521,-9.4625258381,29.1117606905
1.5800000000,-9.7809023230,-9.2528780803,29.2511066187
1.5900000000,-9.7201191850,-9.0338245252,29.3612600370
1.6000000000,-9.6439537772,-8.8086864905,29.4410802466
1.6100000000,-9.5534527327,-8.5808053964,29.4899720625
1.6200000000,-9.4498784685,-8.3534552375,29.5078740158
1.6300000000,-9.3346783007,-8.1297628345,29.4952293868
1.6400000000,-9.2094494281,-7.9126392893,29.4529428143
1.6500000000,-9.0759013698,-7.7047250815,29.3823258802
1.6600000000,-8.9358174719,-7.5083501607,29.2850353902
1.6700000000,-8.7910170200,-7.3255093206,29.1630080737
1.6800000000,-8.6433193295,-7.1578521812,29.0183951459
1.6900000000,-8.4945109501,-7.0066863277,28.8534996860
1.7000000000,-8.3463168464,-6.8729915958,28.6707191572
1.7100000000,-8.2003761261,-6.7574431654,28.4724947144
1.7200000000,-8.0582226021,-6.6604410135,28.2612682757
1.7300000000,-7.9212702187,-6.5821433435,28.0394477292
1.7400000000,-7.7908031478,-6.5225018175,27.8093801446
1.7500000000,-7.6679701921,-6.4812967186,27.5733324705
1.7600000000,-7.5537829991,-6.4581705160,27.3334789323
1.7700000000,-7.4491175142,-6.4526586687,27.0918941825
1.7800000000,-7.3547180588,-6.4642168439,26.8505511925
1.7900000000,-7.2712034147,-6.4922440361,26.6113228725
1.8000000000,-7.1990743203,-6.5361013312,26.3759864666
1.8100000000,-7.1387218262,-6.5951262704,26.1462298506
1.8200000000,-7.0904360130,-6.6686429267,25.9236589643
1.8300000000,-7.0544146409,-6.7559679230,25.7098057116
1.8400000000,-7.0307713636,-6.8564126944,25.5061357602
1.8500000000,-7.0195432091,-6.9692823469,25.3140557570
1.8600000000,-7.0206970898,-7.0938714862,25.1349195449
1.8700000000,-7.0341351658,-7.2294574046,24.9700330223
1.8800000000,-7.0596989367,-7.3752910160,24.8206573255
1.8900000000,-7.0971719891,-7.5305859353,24.6880100407
1.9000000000,-7.1462813697,-7.6945061066,24.5732641717
1.9100000000,-7.2066975970,-7.8661524026,24.4775446034
1.9200000000,-7.2780333653,-8.0445486499,24.4019218137
1.9300000000,-7.3598410344,-8.2286275753,24.3474026061
1.9400000000,-7.4516090386,-8.4172172291,24.3149176675
1.9500000000,-7.5527573939,-8.6090285103,24.3053058010
1.9600000000,-7.6626325274,-8.8026444981,24.3192947585
1.9700000000,-7.7805017017,-8.9965123784,24.3574786995
1.9800000000,-7.9055473622,-9.1889388337,24.4202924389
1.9900000000,-8.0368617894,-9.3780898291,24.5079828263
2.0000000000,-8.1734424903,-9.5619957638,24.6205778164
2.0100000000,-8.3141888187,-9.7385629511,24.7578540475
2.0200000000,-8.4579003508,-9.9055923195,24.9193040338
2.0300000000,-8.6032775767,-10.0608060797,25.1041043830
2.0400000000,-8.7489254699,-10.2018828581,25.3110867571
2.0500000000,-8.8933604778,-10.3265014470,25.5387135643
2.0600000000,-9.0350214170,-10.4323928570,25.7850605779
2.0700000000,-9.1722846534,-10.5173997960,26.0478087772
2.0800000000,-9.3034837988,-10.5795420516,26.3242476541
2.0900000000,-9.4269339535,-10.6170855687,26.6112919916
2.1000000000,-9.5409602808,-10.6286123456,26.9055136665
2.1100000000,-9.6439304149,-10.6130876908,27.2031893483
2.1200000000,-9.7342899025,-10.5699209709,27.5003640784
2.1300000000,-9.8105995740,-10.4990158175,27.7929296600
2.1400000000,-9.8715734682,-10.4008059132,28.0767156467
2.1500000000,-9.9161157158,-10.2762729877,28.3475895974
2.1600000000,-9.9433546604,-10.1269445244,28.6015622755
2.1700000000,-9.9526724738,-9.9548698631,28.8348927540
2.1800000000,-9.9437286316,-9.7625748000,29.0441880303
2.1900000000,-9.9164758543,-9.5529962927,29.2264918503
2.2000000000,-9.8711674728,-9.3294003293,29.3793579934
2.2100000000,-9.8083556332,-9.0952872544,29.5009042530
2.2200000000,-9.7288802628,-8.8542897231,29.5898446668
2.2300000000,-9.6338492452,-8.6100688842,29.6454990645
2.2400000000,-9.5246107417,-8.3662143320,29.6677805521
2.2500000000,-9.4027190150,-8.1261528417,29.6571629778
2.2600000000,-9.2698954149,-7.8930699908,29.6146315862
2.2700000000,-9.1279863647,-7.6698475897,29.5416208666
2.2800000000,-8.9789202274,-7.4590185414,29.4399440000
2.2900000000,-8.8246648419,-7.2627394638,29.3117183073
2.3000000000,-8.6671873244,-7.0827802518,29.1592907615
2.3100000000,-8.5084174547,-6.9205288321,28.9851670215
2.3200000000,-8.3502156373,-6.7770087024,28.7919466867
2.3300000000,-8.1943460883,-6.6529064732,28.5822666421
2.3400000000,-8.0424555601,-6.5486065168,28.3587535653
2.3500000000,-7.8960576199,-6.4642299326,28.1239859456
2.3600000000,-7.7565222353,-6.3996753057,27.8804653795
2.3700000000,-7.6250702303,-6.3546591088,27.6305964628
2.3800000000,-7.5027720230,-6.3287540238,27.3766742979
2.3900000000,-7.3905499767,-6.3214238899,27.1208784742
2.4000000000,-7.2891836521,-6.3320543911,26.8652723151
2.4100000000,-7.1993172516,-6.3599789555,26.6118062140
2.4200000000,-7.1214685771,-6.4044996336,26.3623239599
2.4300000000,-7.0560388796,-6.4649029583,26.1185710715
2.4400000000,-7.0033230440,-6.5404709622,25.8822042839
2.4500000000,-6.9635196303,-6.6304876485,25.6548014621
2.4600000000,-6.9367403707,-6.7342412834,25.4378713347
2.4700000000,-6.9230187942,-6.8510229219,25.2328625373
2.4800000000,-6.9223177268,-6.9801215911,25.0411715414
2.4900000000,-6.9345354730,-7.1208165575,24.8641490997
2.5000000000,-6.9595105516,-7.2723670969,24.7031048833
2.5100000000,-6.9970249007,-7.4340001807,24.5593100108
2.5200000000,-7.0468055241,-7.6048964922,24.4339971817
2.5300000000,-7.1085245848,-7.7841751972,24.3283581336
2.5400000000,-7.1817979992,-7.9708779231,24.2435381464
2.5500000000,-7.2661826220,-8.1639524392,24.1806273238
2.5600000000,-7.3611721530,-8.3622365996,24.1406484031
2.5700000000,-7.4661919449,-8.5644431836,24.1245408776
2.5800000000,-7.5805929335,-8.7691463661,24.1331412812
2.5900000000,-7.7036449717,-8.9747706544,24.1671595770
2.6000000000,-7.8345299011,-9.1795832313,24.2271517264
2.6100000000,-7.9723347611,-9.3816907437,24.3134886994
2.6200000000,-8.1160455984,-9.5790416436,24.4263224127
2.6300000000,-8.2645424026,-9.7694352226,24.5655493698
2.6400000000,-8.4165957531,-9.9505384441,24.7307730995
2.6500000000,-8.5708658040,-10.1199115597,24.9212668510
2.6600000000,-8.7259042610,-10.2750432720,25.1359383764
2.6700000000,-8.8801599954,-10.4133958502,25.3732989847
2.6800000000,-9.0319888992,-10.5324601226,25.6314393506
2.6900000000,-9.1796684866,-10.6298196469,25.9080147502
2.7000000000,-9.3214176025,-10.7032226212,26.2002424293
2.7100000000,-9.4554213851,-10.7506592910,26.5049136336
2.7200000000,-9.5798613644,-10.7704417776,26.8184223997
2.7300000000,-9.6929502572,-10.7612824974,27.1368125017
2.7400000000,-9.7929706693,-10.7223667504,27.4558429725
2.7500000000,-9.8783165474,-10.6534147303,27.7710714148
2.7600000000,-9.9475358846,-10.5547282517,28.0779529650
2.7700000000,-9.9993728951,-10.4272179480,28.3719513937
2.7800000000,-10.0328076780,-10.2724076097,28.6486575649
2.7900000000,-10.0470913281,-10.0924136579,28.9039094922
2.8000000000,-10.0417745257,-9.8898993894,29.1339076673
2.8100000000,-10.0167278842,-9.6680054434,29.3353192947
2.8200000000,-9.9721527175,-9.4302597287,29.5053656053
2.8300000000,-9.9085814074,-9.1804716179,29.6418874956
2.8400000000,-9.8268671443,-8.9226163823,29.7433862637
2.8500000000,-9.7281634413,-8.6607164683,29.8090380164
2.8600000000,-9.6138944159,-8.3987262458,29.8386822039
2.8700000000,-9.4857173503,-8.1404263042,29.8327865008
2.8800000000,-9.3454794255,-7.8893323219,29.7923917042
2.8900000000,-9.1951707577,-7.6486221360,29.7190413427
2.9000000000,-9.0368759346,-7.4210830682,29.6147012145
2.9100000000,-8.8727261556,-7.2090799964,29.4816741014
2.9200000000,-8.7048538598,-7.0145432555,29.3225145126
2.9300000000,-8.5353513998,-6.8389743125,29.1399475827
2.9400000000,-8.3662349349,-6.6834663627,28.9367953307
2.9500000000,-8.1994143098,-6.5487365403,28.7159124792
2.9600000000,-8.0366692862,-6.4351663060,28.4801330621
2.9700000000,-7.8796321420,-6.3428467131,28.2322281865
2.9800000000,-7.7297763479,-6.2716255881,27.9748746091
2.9900000000,-7.5884108004,-6.2211541217,27.7106332681
3.0000000000,-7.4566789270,-6.1909308855,27.4419365693
3.0100000000,-7.3355618795,-6.1803418103,27.1710830430
3.0200000000,-7.2258849906,-6.1886951457,26.9002379386
3.0300000000,-7.1283266771,-6.2152508454,26.6314383741
3.0400000000,-7.0434290118,-6.2592441623,26.3666017655
3.0500000000,-6.9716092569,-6.3199035112,26.1075364186
3.0600000000,-6.9131717308,-6.3964628423,25.8559533227
3.0700000000,-6.8683194738,-6.4881689018,25.6134783475
3.0800000000,-6.8371652634,-6.5942838257,25.3816641904
3.0900000000,-6.8197416234,-6.7140835481,25.1620015369
3.1000000000,-6.8160095454,-6.8468525099,24.9559289960
3.1100000000,-6.8258657172,-6.9918751384,24.7648414399
3.1200000000,-6.8491481146,-7.1484245522,24.5900964204
3.1300000000,-6.8856398696,-7.3157489206,24.4330183615
3.1400000000,-6.9350713761,-7.4930558998,24.2949002338
3.1500000000,-6.9971206377,-7.6794955664,24.1770024137
3.1600000000,-7.0714119036,-7.8741422898,24.0805484247
3.1700000000,-7.1575126769,-8.0759760236,24.0067172493
3.1800000000,-7.2549292214,-8.2838635631,23.9566319055
3.1900000000,-7.3631007351,-8.4965403975,23.9313439982
3.2000000000,-7.4813924102,-8.7125938953,23.9318140055
3.2100000000,-7.6090876512,-8.9304486858,23.9588871332
3.2200000000,-7.7453797892,-9.1483552325,24.0132646996
3.2300000000,-7.8893636967,-9.3643827253,24.0954711839
3.2400000000,-8.0400277827,-9.5764175363,24.2058173098
3.2500000000,-8.1962469248,-9.7821685607,24.3443598309
3.2600000000,-8.3567769700,-9.9791807845,24.5108590468
3.2700000000,-8.5202515001,-10.1648583509,24.7047354863
3.2800000000,-8.6851816039,-10.3364982148,24.9250276454
3.2900000000,-8.8499594193,-10.4913351463,25.1703531108
3.3000000000,-9.0128661828,-10.6265983597,25.4388758160
3.3100000000,-9.1720854524,-10.7395793827,25.7282824876
3.3200000000,-9.3257220293,-10.8277099686,26.0357715032
3.3300000000,-9.4718268966,-10.8886479084,26.3580573135
3.3400000000,-9.6084282098,-10.9203675983,26.6913932306
3.3500000000,-9.7335680231,-10.9212512396,27.0316147051
3.3600000000,-9.8453440334,-10.8901757143,27.3742041875
3.3700000000,-9.9419551869,-10.8265896184,27.7143773338
3.3800000000,-10.0217495701,-10.7305747665,28.0471887374
3.3900000000,-10.0832726254,-10.6028868139,28.3676536905
3.4000000000,-10.1253134485,-10.4449705256,28.6708808626
3.4100000000,-10.1469467760,-10.2589466425,28.9522094336
3.4200000000,-10.1475682976,-10.0475691667,29.2073433247
3.4300000000,-10.1269211432,-9.8141540433,29.4324748862
3.4400000000,-10.0851117987,-9.5624824258,29.6243908168
3.4500000000,-10.0226142768,-9.2966837336,29.7805542051
3.4600000000,-9.9402620546,-9.0211052932,29.8991582895
3.4700000000,-9.8392280355,-8.7401763099,29.9791496604
3.4800000000,-9.7209935230,-8.4582741442,30.0202209191
3.4900000000,-9.5873078382,-8.1796003517,30.0227750048
3.5000000000,-9.4401407176,-7.9080727832,29.9878652702
3.5100000000,-9.2816299447,-7.6472384104,29.9171167390
3.5200000000,-9.1140267924,-7.4002096459,29.8126347201
3.5300000000,-8.9396417752,-7.1696250088,29.6769070833
3.5400000000,-8.7607929677,-6.9576332349,29.5127060735
3.5500000000,-8.5797587741,-6.7658985074,29.3229946953
3.5600000000,-8.3987365790,-6.5956234648,29.1108415868
3.5700000000,-8.2198082250,-6.4475860646,28.8793470791
3.5800000000,-8.0449127884,-6.3221861996,28.6315819442
3.5900000000,-7.8758266915,-6.2194981267,28.3705392742
3.6000000000,-7.7141508338,-6.1393251691,28.0990990765
3.6100000000,-7.5613041404,-6.0812537201,27.8200045336
3.6200000000,-7.4185227321,-6.0447042051,27.5358484689
3.6300000000,-7.2868638061,-6.0289772973,27.2490683514
3.6400000000,-7.1672132682,-6.0332942637,26.9619481246
3.6500000000,-7.0602961673,-6.0568308286,26.6766252162
3.6600000000,-6.9666890370,-6.0987443485,26.3951012381
3.6700000000,-6.8868333276,-6.1581944036,26.1192550791
3.6800000000,-6.8210492143,-6.2343571348,25.8508572970
3.6900000000,-6.7695491711,-6.3264337900,25.5915849200
3.7000000000,-6.7324508082,-6.4336540235,25.3430359408
3.7100000000,-6.7097885711,-6.5552745156,25.1067429362
3.7200000000,-6.7015239910,-6.6905734743,24.8841853597
3.7300000000,-6.7075542588,-6.8388415488,24.6768001346
3.7400000000,-6.7277189660,-6.9993696493,24.4859902279
3.7500000000,-6.7618049124,-7.1714341293,24.3131309099
3.7600000000,-6.8095489376,-7.3542797564,24.1595734081
3.7700000000,-6.8706387710,-7.5471008862,24.0266456532
3.7800000000,-6.9447119398,-7.7490212595,23.9156497939
3.7900000000,-7.0313528099,-7.9590728748,23.8278561361
3.8000000000,-7.1300878738,-8.1761744484,23.7644931446
3.8100000000,-7.2403794401,-8.3991100596,23.7267331415
3.8200000000,-7.3616179294,-8.6265086975,23.7156733597
3.8300000000,-7.4931130347,-8.8568255668,23.7323120599
3.8400000000,-7.6340840688,-9.0883261673,23.7775195254
3.8500000000,-7.7836498978,-9.3190743391,23.8520039014
3.8600000000,-7.9408189401,-9.5469256236,23.9562720722
3.8700000000,-8.1044798027,-9.7695274352,24.0905860685
3.8800000000,-8.2733932184,-9.9843276249,24.2549158754
3.8900000000,-8.4461860353,-10.1885930239,24.4488899668
3.9000000000,-8.6213480868,-10.3794394447,24.6717454039
3.9100000000,-8.7972328185,-10.5538743516,24.9222798886
3.9200000000,-8.9720625633,-10.7088529664,25.1988087040
3.9300000000,-9.1439393100,-10.8413479169,25.4991299456
3.9400000000,-9.3108617044,-10.9484316704,25.8205017893
3.9500000000,-9.4707488264,-11.0273699412,26.1596356465
3.9600000000,-9.6214710081,-11.0757230717,26.5127088659
3.9700000000,-9.7608875857,-11.0914511567,26.8754000642
3.9800000000,-9.8868910308,-11.0730175406,27.2429491704
3.9900000000,-9.9974564015,-11.0194844142,27.6102428489
4.0000000000,-10.0906945290,-10.9305937467,27.9719241897
4.0100000000,-10.1649068623,-10.8068268494,28.3225235464
4.0200000000,-10.2186394815,-10.6494365933,28.6566053599
4.0300000000,-10.2507335225,-10.4604477200,28.9689239611
4.0400000000,-10.2603691778,-10.2426227304,29.2545799621
4.0500000000,-10.2471005878,-9.9993933398,29.5091681322
4.0600000000,-10.2108793219,-9.7347602064,29.7289077896
4.0700000000,-10.1520647541,-9.4531662428,29.9107477501
4.0800000000,-10.0714204129,-9.1593510072,30.0524397043
4.0900000000,-9.9700962674,-8.8581951495,30.1525763343
4.1000000000,-9.8495978022,-8.5545644931,30.2105932534
4.1100000000,-9.7117435575,-8.2531629992,30.2267366186
4.1200000000,-9.5586134808,-7.9584026681,30.2020007050
4.1300000000,-9.3924908906,-7.6742965776,30.1380415934
4.1400000000,-9.2158010726,-7.4043789945,30.0370742372
4.1500000000,-9.0310494989,-7.1516541271,29.9017605170
4.1600000000,-8.8407624167,-6.9185728770,29.7350955049
4.1700000000,-8.6474321385,-6.7070351006,29.5402982184
4.1800000000,-8.4534688359,-6.5184135524,29.3207118177
4.1900000000,-8.2611600636,-6.3535948760,29.0797167064
4.2000000000,-8.0726386606,-6.2130327237,28.8206585168
4.2100000000,-7.8898591540,-6.0968082368,28.5467916309
4.2200000000,-7.7145823426,-6.0046935850,28.2612378024
4.2300000000,-7.5483673940,-5.9362149497,27.9669586488
4.2400000000,-7.3925705409,-5.8907121007,27.6667402614
4.2500000000,-7.2483493205,-5.8673925050,27.3631879232
4.2600000000,-7.1166712382,-5.8653786198,27.0587288636
4.2700000000,-6.9983257461,-5.8837476468,26.7556210787
4.2800000000,-6.8939384887,-5.9215635234,26.4559664345
4.2900000000,-6.8039868681,-5.9779013023,26.1617265204
4.3000000000,-6.7288160945,-6.0518643336,25.8747399812
4.3100000000,-6.6686550199,-6.1425948267,25.5967403046
4.3200000000,-6.6236311761,-6.2492784496,25.3293732680
4.3300000000,-6.5937845582,-6.3711436462,25.0742134295
4.3400000000,-6.5790798037,-6.5074563308,24.8327791923
4.3500000000,-6.5794165077,-6.6575105706,24.6065460720
4.3600000000,-6.5946374992,-6.8206158085,24.3969578611
4.3700000000,-6.6245349664,-6.9960811191,24.2054354119
4.3800000000,-6.6688543756,-7.1831969369,24.0333827654
4.3900000000,-6.7272961718,-7.3812146645,23.8821903310
4.4000000000,-6.7995152914,-7.5893245527,23.7532347924
4.4100000000,-6.8851185477,-7.8066322633,23.6478753740
4.4200000000,-6.9836599911,-8.0321345704,23.5674460615
4.4300000000,-7.0946343763,-8.2646947393,23.5132433441
4.4400000000,-7.2174689199,-8.5030182367,23.4865090321
4.4500000000,-7.3515135782,-8.7456295812,23.4884077264
4.4600000000,-7.4960301420,-8.9908513229,23.5199985808
4.4700000000,-7.6501805186,-9.2367863473,23.5822011184
4.4800000000,-7.8130146631,-9.4813049174,23.6757550600
4.4900000000,-7.9834587181,-9.7220380718,23.8011743989
4.5000000000,-8.1603040337,-9.9563791756,23.9586963320
4.5100000000,-8.3421978512,-10.1814955231,24.1482261299
4.5200000000,-8.5276365407,-10.3943518903,24.3692795962
4.5300000000,-8.7149623733,-10.5917477831,24.6209254068
4.5400000000,-8.9023648661,-10.7703697680,24.9017302985
4.5500000000,-9.0878877438,-10.9268596882,25.2097107371
4.5600000000,-9.2694425001,-11.0578987079,25.5422952525
4.5700000000,-9.4448293897,-11.1603060145,25.8963019975
4.5800000000,-9.6117664284,-11.2311496667,26.2679361430
4.5900000000,-9.7679266145,-11.2678655877,26.6528113779
4.6000000000,-9.9109831081,-11.2683792045,27.0459989347
4.6100000000,-10.0386615430,-11.2312228920,27.4421061813
4.6200000000,-10.1487980197,-11.1556414091,27.8353849247
4.6300000000,-10.2394007003,-11.0416771164,28.2198672677
4.6400000000,-10.3087123512,-10.8902271212,28.5895243461
4.6500000000,-10.3552707391,-10.7030657091,28.9384408118
4.6600000000,-10.3779635392,-10.4828274931,29.2609958505
4.6700000000,-10.3760744306,-10.2329495001,29.5520401322
4.6800000000,-10.3493173524,-9.9575736558,29.8070576626
4.6900000000,-10.2978564868,-9.6614144700,30.0223021698
4.7000000000,-10.2223103714,-9.3495997237,30.1948994167
4.7100000000,-10.1237395551,-9.0274942599,30.3229095069
4.7200000000,-10.0036183013,-8.7005182488,30.4053465247
4.7300000000,-9.8637918896,-8.3739714115,30.4421563167
4.7400000000,-9.7064219711,-8.0528736532,30.4341564516
4.7500000000,-9.5339231042,-7.7418305644,30.3829450118
4.7600000000,-9.3488939801,-7.4449296139,30.2907866176
4.7700000000,-9.1540469280,-7.1656699377,30.1604848486
4.7800000000,-8.9521390869,-6.9069258033,29.9952500416
4.7900000000,-8.7459081899,-6.6709413785,29.7985704711
4.8000000000,-8.5380153126,-6.4593525842,29.5740933945
4.8100000000,-8.3309962421,-6.2732306309,29.3255206253
4.8200000000,-8.1272224285,-6.1131413277,29.0565214427
4.8300000000,-7.9288718201,-5.9792143253,28.7706639443
4.8400000000,-7.7379093269,-5.8712169619,28.4713645335
4.8500000000,-7.5560762053,-5.7886281816,28.1618541770
4.8600000000,-7.3848873425,-5.7307089423,27.8451593714
4.8700000000,-7.2256352201,-5.6965664980,27.5240953944
4.8800000000,-7.0793992494,-5.6852108432,27.2012693215
4.8900000000,-6.9470591692,-5.6956023911,26.8790903965
4.9000000000,-6.8293112694,-5.7266905862,26.5597855841
4.9100000000,-6.7266863105,-5.7774436270,26.2454184412
4.9200000000,-6.6395681571,-5.8468698021,25.9379097782
4.9300000000,-6.5682122901,-5.9340311461,25.6390589023
4.9400000000,-6.5127635178,-6.0380502199,25.3505645173
4.9500000000,-6.4732723483,-6.1581108403,25.0740445956
4.9600000000,-6.4497096117,-6.2934535526,24.8110547179
4.9700000000,-6.4419790364,-6.4433665710,24.5631045116
4.9800000000,-6.4499275729,-6.6071728256,24.3316719003
4.9900000000,-6.4733533370,-6.7842136692,24.1182149190
5.0000000000,-6.5120111041,-6.9738297149,23.9241808539
5.0100000000,-6.5656153354,-7.1753392115,23.7510124475
5.0200000000,-6.6338407538,-7.3880143256,23.6001508615
5.0300000000,-6.7163205216,-7.6110556896,23.4730350380
5.0400000000,-6.8126420997,-7.8435655972,23.3710970334
5.0500000000,-6.9223409044,-8.0845202957,23.2957528449
5.0600000000,-7.0448919072,-8.3327419294,23.2483881965
5.0700000000,-7.1796993762,-8.5868708365,23.2303387367
5.0800000000,-7.3260850098,-8.8453390955,23.2428641082
5.0900000000,-7.4832747866,-9.1063464497,23.2871154247
5.1000000000,-7.6503849463,-9.3678399950,23.3640958273
5.1100000000,-7.8264076194,-9.6274992943,23.4746140210
5.1200000000,-8.0101967482,-9.8827288468,23.6192310306
5.1300000000,-8.2004550722,-10.1306600643,23.7982008661
5.1400000000,-8.3957230930,-10.3681650487,24.0114063706
5.1500000000,-8.5943710651,-10.5918844703,24.2582922224
5.1600000000,-8.7945951698,-10.7982716580,24.5377978570
5.1700000000,-8.9944191044,-10.9836545744,24.8482939182
5.1800000000,-9.1917023240,-11.1443166060,25.1875266597
5.1900000000,-9.3841560969,-11.2765960235,25.5525754083
5.2000000000,-9.5693683433,-11.3770025589,25.9398286250
5.2100000000,-9.7448379093,-11.4423478603,26.3449841341
5.2200000000,-9.9080184650,-11.4698847294,26.7630785898
5.2300000000,-10.0563716275,-11.4574482002,27.1885501088
5.2400000000,-10.1874282019,-11.4035899100,27.6153361772
5.2500000000,-10.2988556693,-11.3076961246,28.0370064805
5.2600000000,-10.3885292894,-11.1700794617,28.4469273733
5.2700000000,-10.4546035126,-10.9920350398,28.8384515662
5.2800000000,-10.4955799051,-10.7758535628,29.2051236390
5.2900000000,-10.5103675709,-10.5247866865,29.5408896092
5.3000000000,-10.4983321630,-10.2429636891,29.8402973857
5.3100000000,-10.4593300569,-9.9352625833,30.0986748322
5.3200000000,-10.3937250785,-9.6071428695,30.3122734658
5.3300000000,-10.3023862895,-9.2644505972,30.4783684544
5.3400000000,-10.1866666162,-8.9132087940,30.5953092433
5.3500000000,-10.0483634294,-8.5594073291,30.6625193763
5.3600000000,-9.8896634066,-8.2088057882,30.6804483197
5.3700000000,-9.7130749958,-7.8667610716,30.6504818202
5.3800000000,-9.5213524658,-7.5380885210,30.5748200968
5.3900000000,-9.3174158182,-7.2269618647,30.4563347303
5.4000000000,-9.1042707592,-6.9368536514,30.2984154342
5.4100000000,-8.8849325216,-6.6705145408,30.1048170883
5.4200000000,-8.6623566808,-6.4299871723,29.8795157709
5.4300000000,-8.4393793049,-6.2166485130,29.6265803702
5.4400000000,-8.2186679239,-6.0312736409,29.3500640197
5.4500000000,-8.0026839795,-5.8741137551,29.0539173870
5.4600000000,-7.7936566840,-5.7449816750,28.7419239412
5.4700000000,-7.5935676250,-5.6433389916,28.4176558593
5.4800000000,-7.4041450144,-5.5683801754,28.0844482312
5.4900000000,-7.2268661952,-5.5191101598,27.7453886648
5.5000000000,-7.0629668797,-5.4944130722,27.4033192031
5.5100000000,-6.9134555637,-5.4931107994,27.0608475537
5.5200000000,-6.7791316284,-5.5140109023,26.7203649108
5.5300000000,-6.6606057680,-5.5559440192,26.3840680336
5.5400000000,-6.5583215463,-5.6177913370,26.0539836689
5.5500000000,-6.4725770691,-5.6985029801,25.7319938218
5.5600000000,-6.4035459453,-5.7971083026,25.4198607486
5.5700000000,-6.3512968814,-5.9127191023,25.1192508635
5.5800000000,-6.3158114150,-6.0445267347,24.8317569926
5.5900000000,-6.2969994275,-6.1917940162,24.5589185931
5.6000000000,-6.2947121896,-6.3538426919,24.3022396699
5.6100000000,-6.3087527856,-6.5300371216,24.0632041885
5.6200000000,-6.3388838316,-6.7197647209,23.8432887996
5.6300000000,-6.3848324594,-6.9224135928,23.6439726732
5.6400000000,-6.4462925767,-7.1373477076,23.4667441908
5.6500000000,-6.5229244433,-7.3638799448,23.3131041758
5.6600000000,-6.6143516320,-7.6012432994,23.1845652595
5.6700000000,-6.7201554627,-7.8485605883,23.0826468921
5.6800000000,-6.8398670271,-8.1048130722,23.0088654231
5.6900000000,-6.9729569554,-8.3688085362,22.9647186045
5.7000000000,-7.1188231215,-8.6391495577,22.9516638300
5.7100000000,-7.2767765452,-8.9142029217,22.9710894205
5.7200000000,-7.4460258310,-9.1920714331,23.0242783302
5.7300000000,-7.6256605821,-9.4705696951,23.1123637949
5.7400000000,-7.8146343574,-9.7472057771,23.2362766947
5.7500000000,-8.0117478801,-10.0191710346,23.3966847888
5.7600000000,-8.2156333728,-10.2833406494,23.5939245118
5.7700000000,-8.4247410653,-10.5362876637,23.8279267129
5.7800000000,-8.6373290893,-10.7743133306,24.0981385682
5.7900000000,-8.8514581198,-10.9934964163,24.4034448704
5.8000000000,-9.0649922252,-11.1897635940,24.7420929546
5.8100000000,-9.2756074109,-11.3589821918,25.1116265431
5.8200000000,-9.4808092626,-11.4970752562,25.5088346807
5.8300000000,-9.6779608753,-11.6001571634,25.9297224949
5.8400000000,-9.8643218779,-11.6646859201,26.3695105957
5.8500000000,-10.0370988035,-11.6876259748,26.8226693249
5.8600000000,-10.1935063331,-11.6666130521,27.2829926526
5.8700000000,-10.3308380779,-11.6001105130,27.7437142295
5.8800000000,-10.4465446186,-11.4875454100,28.1976650046
5.8900000000,-10.5383155902,-11.3294120741,28.6374681227
5.9000000000,-10.6041617806,-11.1273320327,29.0557628851
5.9100000000,-10.6424926369,-10.8840614323,29.4454458988
5.9200000000,-10.6521843370,-10.6034408477,29.7999146822
5.9300000000,-10.6326337843,-10.2902870760,30.1132974780
5.9400000000,-10.5837945340,-9.9502317130,30.3806531835
5.9500000000,-10.5061917427,-9.5895163008,30.5981272969
5.9600000000,-10.4009146501,-9.2147579370,30.7630534027
5.9700000000,-10.2695867038,-8.8327018407,30.8739945537
5.9800000000,-10.1143150504,-8.4499781405,30.9307242928
5.9900000000,-9.9376225545,-8.0728790078,30.9341522538
6.0000000000,-9.7423666156,-7.7071694642,30.8862036294
6.0100000000,-9.5316497321,-7.3579412187,30.7896647814
6.0200000000,-9.3087269622,-7.0295143668,30.6480086625
6.0300000000,-9.0769151823,-6.7253873329,30.4652135473
6.0400000000,-8.8395084238,-6.4482315854,30.2455870799
6.0500000000,-8.5997026806,-6.1999247598,29.9936052419
6.0600000000,-8.3605325558,-5.9816140419,29.7137729786
6.0700000000,-8.1248210753,-5.7938009573,29.4105103093
6.0800000000,-7.8951430298,-5.6364389430,29.0880651277
6.0900000000,-7.6738013910,-5.5090359753,28.7504517789
6.1000000000,-7.4628157191,-5.4107558615,28.4014129715
6.1100000000,-7.2639210442,-5.3405133090,28.0444016567
6.1200000000,-7.0785754578,-5.2970593864,27.6825790906
6.1300000000,-6.9079745621,-5.2790553417,27.3188252956
6.1400000000,-6.7530709669,-5.2851338722,26.9557584228
6.1500000000,-6.6145971492,-5.3139478151,26.5957599763
6.1600000000,-6.4930901852,-5.3642068462,26.2410033965
6.1700000000,-6.3889170800,-5.4347031797,25.8934840412
6.1800000000,-6.3022996484,-5.5243274666,25.5550491045
6.1900000000,-6.2333381183,-5.6320761654,25.2274264372
6.2000000000,-6.1820328272,-5.7570516189,24.9122515772
6.2100000000,-6.1483035545,-5.8984559672,24.6110925548
6.2200000000,-6.1320061777,-6.0555798850,24.3254722125
6.2300000000,-6.1329464547,-6.2277869667,24.0568878857
6.2400000000,-6.1508908259,-6.4144944232,23.8068283349
6.2500000000,-6.1855741944,-6.6151506054,23.5767878167
6.2600000000,-6.2367046894,-6.8292097443,23.3682771371
6.2700000000,-6.3039654498,-7.0561042023,23.1828314560
6.2800000000,-6.3870134874,-7.2952144738,23.0220145172
6.2900000000,-6.4854757030,-7.5458371568,22.8874188650
6.3000000000,-6.5989421456,-7.8071511509,22.7806614932
6.3100000000,-6.7269566245,-8.0781824254,22.7033742505
6.3200000000,-6.8690048108,-8.3577678447,22.6571882307
6.3300000000,-7.0245000116,-8.6445187518,22.6437112922
6.3400000000,-7.1927668582,-8.9367852830,22.6644978251
6.3500000000,-7.3730232377,-9.2326227274,22.7210099187
6.3600000000,-7.5643609092,-9.5297616440,22.8145692096
6.3700000000,-7.7657253879,-9.8255838798,22.9462989466
6.3800000000,-7.9758958498,-10.1171070881,23.1170562099
6.3900000000,-8.1934660070,-10.4009807544,23.3273548169
6.4000000000,-8.4168271154,-10.6734970683,23.5772802314
6.4100000000,-8.6441544936,-10.9306201249,23.8663987952
6.4200000000,-8.8733991277,-11.1680368317,24.1936647788
6.4300000000,-9.1022860897,-11.3812324098,24.5573300539
6.4400000000,-9.3283215651,-11.5655924372,24.9548625165
6.4500000000,-9.5488102321,-11.7165318970,25.3828805786
6.4600000000,-9.7608845202,-11.8296496520,25.8371118973
6.4700000000,-9.9615468585,-11.9009042261,26.3123847803
6.4800000000,-10.1477253913,-11.9268038835,26.8026601589
6.4900000000,-10.3163427786,-11.9046010450,27.3011104467
6.5000000000,-10.4643966607,-11.8324784480,27.8002489055
6.5100000000,-10.5890492012,-11.7097126048,28.2921093643
6.5200000000,-10.6877219547,-11.5367995142,28.7684715409
6.5300000000,-10.7581912684,-11.3155286176,29.2211222526
6.5400000000,-10.7986786724,-11.0489938521,29.6421381191
6.5500000000,-10.8079303894,-10.7415352587,30.0241716837
6.5600000000,-10.7852803125,-10.3986105449,30.3607208891
6.5700000000,-10.7306915953,-10.0266025759,30.6463620491
6.5800000000,-10.6447733388,-9.6325750804,30.8769290002
6.5900000000,-10.5287706276,-9.2239939811,31.0496258023
6.6000000000,-10.3845281586,-8.8084349226,31.1630665473
6.6100000000,-10.2144296970,-8.3932983216,31.2172426807
6.6200000000,-10.0213173478,-7.9855515598,31.2134247450
6.6300000000,-9.8083959489,-7.5915141492,31.1540107565
6.6400000000,-9.5791286488,-7.2166964958,31.0423368949
6.6500000000,-9.3371298897,-6.8656971107,30.8824675664
6.6600000000,-9.0860616121,-6.5421575869,30.6789812859
6.6700000000,-8.8295376462,-6.2487700281,30.4367666011
6.6800000000,-8.5710401066,-5.9873283041,30.1608390134
6.6900000000,-8.3138503195,-5.7588126477,29.8561861336
6.7000000000,-8.0609955411,-5.5634966086,29.5276446821
6.7100000000,-7.8152115816,-5.4010659931,29.1798097947
6.7200000000,-7.5789205141,-5.2707407977,28.8169746655
6.7300000000,-7.3542219548,-5.1713929542,28.4430969109
6.7400000000,-7.1428959557,-5.1016546440,28.0617871427
6.7500000000,-6.9464153295,-5.0600137785,27.6763149642
6.7600000000,-6.7659651883,-5.0448948398,27.2896277939
6.7700000000,-6.6024675819,-5.0547245550,26.9043784186
6.7800000000,-6.4566093227,-5.0879828260,26.5229578353
6.7900000000,-6.3288713361,-5.1432399681,26.1475306517
6.8000000000,-6.2195581569,-5.2191816844,25.7800709914
6.8100000000,-6.1288264650,-5.3146233593,25.4223974507
6.8200000000,-6.0567118145,-5.4285152592,25.0762061455
6.8300000000,-6.0031529345,-5.5599401212,24.7431012708
6.8400000000,-5.9680131733,-5.7081044438,24.4246228692
6.8500000000,-5.9510988144,-5.8723245855,24.1222716827
6.8600000000,-5.9521741123,-6.0520085654,23.8375310607
6.8700000000,-5.9709729860,-6.2466342517,23.5718859275
6.8800000000,-6.0072073706,-6.4557244409,23.3268387876
6.8900000000,-6.0605722662,-6.6788191701,23.1039226840
6.9000000000,-6.1307475475,-6.9154454870,22.9047109251
6.9100000000,-6.2173966071,-7.1650848220,22.7308232738
6.9200000000,-6.3201619118,-7.4271380749,22.5839281514
6.9300000000,-6.4386575539,-7.7008885514,22.4657402569
6.9400000000,-6.5724588882,-7.9854629634,22.3780128489
6.9500000000,-6.7210893644,-8.2797908592,22.3225237910
6.9600000000,-6.8840046986,-8.5825630683,22.3010543345
6.9700000000,-7.0605745831,-8.8921900498,22.3153595312
6.9800000000,-7.2500622183,-9.2067614174,22.3671291447
6.9900000000,-7.4516020660,-9.5240083778,22.4579380079
7.0000000000,-7.6641763753,-9.8412713498,22.5891849776
7.0100000000,-7.8865912246,-10.1554756059,22.7620200168
7.0200000000,-8.1174530488,-10.4631183458,22.9772595285
7.0300000000,-8.3551468806,-10.7602711192,23.2352909022
7.0400000000,-8.5978178067,-11.0426018585,23.5359683461
7.0500000000,-8.8433574103,-11.3054208605,23.8785034508
7.0600000000,-9.0893972027,-11.5437547313,24.2613555175
7.0700000000,-9.3333112029,-11.7524514410,24.6821283857
7.0800000000,-9.5722298465,-11.9263181132,25.1374821375
7.0900000000,-9.8030672538,-12.0602909259,25.6230693984
7.1000000000,-10.0225634916,-12.1496335358,26.1335066973
7.1100000000,-10.2273428040,-12.1901569134,26.6623911613
7.1200000000,-10.4139878307,-12.1784496828,27.2023713998
7.1300000000,-10.5791286164,-12.1121044584,27.7452785710
7.1400000000,-10.7195438013,-11.9899228487,28.2823192955
7.1500000000,-10.8322699017,-11.8120804015,28.8043265217
7.1600000000,-10.9147132080,-11.5802333567,29.3020581703
7.1700000000,-10.9647577452,-11.2975520217,29.7665271913
7.1800000000,-10.9808621597,-10.9686708921,30.1893415053
7.1900000000,-10.9621384741,-10.5995528880,30.5630291443
7.2000000000,-10.9084064693,-10.1972734069,30.8813234893
7.2100000000,-10.8202189984,-9.7697381449,31.1393861719
7.2200000000,-10.6988556570,-9.3253555567,31.3339507693
7.2300000000,-10.5462847095,-8.8726893070,31.4633781343
7.2400000000,-10.3650956802,-8.4201174369,31.5276229451
7.2500000000,-10.1584072714,-7.9755230886,31.5281195025
7.2600000000,-9.9297569781,-7.5460369446,31.4676017512
7.2700000000,-9.6829797765,-7.1378449315,31.3498770787
7.2800000000,-9.4220834913,-6.7560673289,31.1795752795
7.2900000000,-9.1511279599,-6.4047083267,30.9618932653
7.3000000000,-8.8741140446,-6.0866691744,30.7023531956
7.3100000000,-8.5948870987,-5.8038139067,30.4065874390
7.3200000000,-8.3170578863,-5.5570743910,30.0801589742
7.3300000000,-8.0439423670,-5.3465809724,29.7284212077
7.3400000000,-7.7785203595,-5.1718059320,29.3564172388
7.3500000000,-7.5234119597,-5.0317088670,28.9688156211
7.3600000000,-7.2808697779,-4.9248754871,28.5698777405
7.3700000000,-7.0527845509,-4.8496438046,28.1634509529
7.3800000000,-6.8407014605,-4.8042140097,27.7529814416
7.3900000000,-6.6458444885,-4.7867402683,27.3415411275
7.4000000000,-6.4691463009,-4.7954042096,26.9318636953
7.4100000000,-6.3112814273,-4.8284709548,26.5263856931
7.4200000000,-6.1727008303,-4.8843292336,26.1272895846
7.4300000000,-6.0536663108,-4.9615175092,25.7365464929
7.4400000000,-5.9542835304,-5.0587381490,25.3559571104
7.4500000000,-5.8745327421,-5.1748616217,24.9871898421
7.4600000000,-5.8142965884,-5.3089225293,24.6318156963
7.4700000000,-5.7733845446,-5.4601090328,24.2913397509
7.4800000000,-5.7515537640,-5.6277469655,23.9672292157
7.4900000000,-5.7485262128,-5.8112796462,23.6609382159
7.5000000000,-5.7640020763,-6.0102441446,23.3739294417
7.5100000000,-5.7976694814,-6.2242445185,23.1076927763
7.5200000000,-5.8492106136,-6.4529223406,22.8637609289
7.5300000000,-5.9183043232,-6.6959246749,22.6437219848
7.5400000000,-6.0046253151,-6.9528695489,22.4492286365
7.5500000000,-6.1078400077,-7.2233089032,22.2820036932
7.5600000000,-6.2275991373,-7.5066889899,22.1438412823
7.5700000000,-6.3635271743,-7.8023082483,22.0366029617
7.5800000000,-6.5152086220,-8.1092728085,21.9622077652
7.5900000000,-6.6821712830,-8.4264499832,21.9226150189
7.6000000000,-6.8638666207,-8.7524204032,21.9197986037
7.6100000000,-7.0596474089,-9.0854298553,21.9557112320
7.6200000000,-7.2687429727,-9.4233423826,22.0322372790
7.6300000000,-7.4902324677,-9.7635968142,22.1511328058
7.6400000000,-7.7230168444,-10.1031695879,22.3139516823
7.6500000000,-7.9657903901,-10.4385474734,22.5219572134
7.6600000000,-8.2170130348,-10.7657145456,22.7760194561
7.6700000000,-8.4748849428,-11.0801584001,23.0764995283
7.6800000000,-8.7373252624,-11.3769010288,23.4231236846
7.6900000000,-9.0019572516,-11.6505598136,23.8148517504
7.7000000000,-9.2661022834,-11.8954435820,24.2497466010
7.7100000000,-9.5267854160,-12.1056874044,24.7248535787
7.7200000000,-9.7807552069,-12.2754276486,25.2361008239
7.7300000000,-10.0245201965,-12.3990156713,25.7782330894
7.7400000000,-10.2544039136,-12.4712644698,26.3447923083
7.7500000000,-10.4666193111,-12.4877178966,26.9281575197
7.7600000000,-10.6573622291,-12.4449271241,27.5196543597
7.7700000000,-10.8229218387,-12.3407146242,28.1097399576
7.7800000000,-10.9598041769,-12.1744028450,28.6882628309
7.7900000000,-11.0648630160,-11.9469838835,29.2447896924
7.8000000000,-11.1354306780,-11.6612084689,29.7689828443
7.8100000000,-11.1694402686,-11.3215777852,30.2510042311
7.8200000000,-11.1655304274,-10.9342298472,30.6819166068
7.8300000000,-11.1231242330,-10.5067224235,31.0540498553
7.8400000000,-11.0424754203,-10.0477254702,31.3613020543
7.8500000000,-10.9246774475,-9.5666460052,31.5993504991
7.8600000000,-10.7716339392,-9.0732156553,31.7657569075
7.8700000000,-10.5859922471,-8.5770745559,31.8599620692
7.8800000000,-10.3710448999,-8.0873843661,31.8831765285
7.8900000000,-10.1306061672,-7.6124982073,31.8381837472
7.9000000000,-9.8688725533,-7.1597073757,31.7290792044
7.9100000000,-9.5902766348,-6.7350751847,31.5609723095
7.9200000000,-9.2993432793,-6.3433588243,31.3396777924
7.9300000000,-9.0005561028,-5.9880119987,31.0714199923
7.9400000000,-8.6982402773,-5.6712551886,30.7625681732
7.9500000000,-8.3964657872,-5.3941970301,30.4194147697
7.9600000000,-8.0989732080,-5.1569893639,30.0480023312
7.9700000000,-7.8091222593,-4.9589995469,29.6539996319
7.9800000000,-7.5298619075,-4.7989859934,29.2426233910
7.9900000000,-7.2637197190,-4.6752659968,28.8185994233
8.0000000000,-7.0128074998,-4.5858681322,28.3861557282
8.0100000000,-6.7788399555,-4.5286645560,27.9490397690
8.0200000000,-6.5631630980,-4.5014810591,27.5105527065
8.0300000000,-6.3667893324,-4.5021846944,27.0735943232
8.0400000000,-6.1904365036,-4.5287501808,26.6407135722
8.0500000000,-6.0345686012,-4.5793071510,26.2141608962
8.0600000000,-5.8994362613,-4.6521707511,25.7959395913
8.0700000000,-5.7851156262,-4.7458582167,25.3878544379
8.0800000000,-5.6915445089,-4.8590939523,24.9915565818
8.0900000000,-5.6185551363,-4.9908053886,24.6085842154
8.1000000000,-5.5659030164,-5.1401115717,24.2403989951
8.1100000000,-5.5332916876,-5.3063060829,23.8884183782
8.1200000000,-5.5203932633,-5.4888355292,23.5540441824
8.1300000000,-5.5268648001,-5.6872745156,23.2386877067
8.1400000000,-5.5523605806,-5.9012977078,22.9437917107
8.1500000000,-5.5965404442,-6.1306493370,22.6708494605
8.1600000000,-5.6590743047,-6.3751102846,22.4214209197
8.1700000000,-5.7396429891,-6.6344627172,22.1971460024
8.1800000000,-5.8379355060,-6.9084521286,21.9997546180
8.1900000000,-5.9536428287,-7.1967465816,21.8310730309
8.2000000000,-6.0864482471,-7.4988929435,21.6930258284
8.2100000000,-6.2360143216,-7.8142699777,21.5876325534
8.2200000000,-6.4019664621,-8.1420383037,21.5169978046
8.2300000000,-6.5838731651,-8.4810874850,21.4832933669
8.2400000000,-6.7812229815,-8.8299808605,21.4887307136
8.2500000000,-6.9933983575,-9.1868992163,21.5355220505
8.2600000000,-7.2196466168,-9.5495850153,21.6258279965
8.2700000000,-7.4590485192,-9.9152896566,21.7616900551
8.2800000000,-7.7104850717,-10.2807271186,21.9449463032
8.2900000000,-7.9726035657,-10.6420383128,22.1771292743
8.3000000000,-8.2437841835,-10.9947714606,22.4593459219
8.3100000000,-8.5221089390,-11.3338847075,22.7921408984
8.3200000000,-8.8053351739,-11.6537778320,23.1753462028
8.3300000000,-9.0908762872,-11.9483600938,23.6079225589
8.3400000000,-9.3757927722,-12.2111607390,24.0878005814
8.3500000000,-9.6567968973,-12.4354871924,24.6117326982
8.3600000000,-9.9302744124,-12.6146332738,25.1751695800
8.3700000000,-10.1923263747,-12.7421357767,25.7721770318
8.3800000000,-10.4388334952,-12.8120724810,26.3954103238
8.3900000000,-10.6655442203,-12.8193884755,27.0361621751
8.4000000000,-10.8681860855,-12.7602311787,27.6844974755
8.4100000000,-11.0425977653,-12.6322686255,28.3294820613
8.4200000000,-11.1848768540,-12.4349616061,28.9595045254
8.4300000000,-11.2915360139,-12.1697593129,29.5626798282
8.4400000000,-11.3596580544,-11.8401911950,30.1273126048
8.4500000000,-11.3870391275,-11.4518351290,30.6423882622
8.4600000000,-11.3723088843,-11.0121533276,31.0980530954
8.4700000000,-11.3150173419,-10.5302013073,31.4860423524
8.4800000000,-11.2156803918,-10.0162296400,31.8000183862
8.4900000000,-11.0757791582,-9.4812107323,32.0357896463
8.5000000000,-10.8977123845,-8.9363312997,32.1913940963
8.5100000000,-10.6847051601,-8.3924940831,32.2670456124
8.5200000000,-10.4406810288,-7.8598693227,32.2649565148
8.5300000000,-10.1701073436,-7.3475283632,32.1890612773
8.5400000000,-9.8778253360,-6.8631802121,32.0446739953
8.5500000000,-9.5688766418,-6.4130190828,31.8381146964
8.5600000000,-9.2483370775,-6.0016790123,31.5763373960
8.5700000000,-8.9211665825,-5.6322821467,31.2665870311
8.5800000000,-8.5920817904,-5.3065611265,30.9161045774
8.5900000000,-8.2654550576,-5.0250332920,30.5318912905
8.6000000000,-7.9452412900,-4.7872047409,30.1205353696
8.6100000000,-7.6349317934,-4.5917847865,29.6880982401
8.6200000000,-7.3375327801,-4.4368951934,29.2400534371
8.6300000000,-7.0555651040,-4.3202628693,28.7812687314
8.6400000000,-6.7910812527,-4.2393888461,28.3160213836
8.6500000000,-6.5456955001,-4.1916899603,27.8480368329
8.6600000000,-6.3206233107,-4.1746124655,27.3805423102
8.6700000000,-6.1167264931,-4.1857188206,26.9163284196
8.6800000000,-5.9345611173,-4.2227501830,26.4578133808
8.6900000000,-5.7744257711,-4.2836678130,26.0071061718
8.7000000000,-5.6364082839,-4.3666768143,25.5660661321
8.7100000000,-5.5204295441,-4.4702355366,25.1363576528
8.7200000000,-5.4262834714,-4.5930536563,24.7194993728
8.7300000000,-5.3536725620,-4.7340815401,24.3169078546
8.7400000000,-5.3022387056,-4.8924930301,23.9299360657
8.7500000000,-5.2715891835,-5.0676633300,23.5599071790
8.7600000000,-5.2613179023,-5.2591432345,23.2081442772
8.7700000000,-5.2710220141,-5.4666305549,22.8759965190
8.7800000000,-5.3003141222,-5.6899392501,22.5648622445
8.7900000000,-5.3488302857,-5.9289664821,22.2762093592
8.8000000000,-5.4162340279,-6.1836575776,22.0115931763
8.8100000000,-5.5022165191,-6.4539686881,21.7726716987
8.8200000000,-5.6064930646,-6.7398268084,21.5612181080
8.8300000000,-5.7287959763,-7.0410867285,21.3791299859
8.8400000000,-5.8688638612,-7.3574844766,21.2284345291
8.8500000000,-6.0264273115,-7.6885868621,21.1112887311
8.8600000000,-6.2011909556,-8.0337368591,21.0299731974
8.8700000000,-6.3928118160,-8.3919948157,20.9868779428
8.8800000000,-6.6008739431,-8.7620758327,20.9844782067
8.8900000000,-6.8248593502,-9.1422841731,21.0252980440
8.9000000000,-7.0641153874,-9.5304462400,21.1118592419
8.9100000000,-7.3178188683,-9.9238445356,21.2466130414
8.9200000000,-7.5849375068,-10.3191560640,21.4318522753
8.9300000000,-7.8641895626,-10.7123998617,21.6696019777
8.9400000000,-8.1540030121,-11.0988996612,21.9614873705
8.9500000000,-8.4524760754,-11.4732690050,22.3085795160
8.9600000000,-8.7573415069,-11.8294272555,22.7112209267
8.9700000000,-9.0659376712,-12.1606556346,23.1688361013
8.9800000000,-9.3751900096,-12.4597023604,23.6797352710
8.9900000000,-9.6816069796,-12.7189447596,24.2409234250
9.0000000000,-9.9812947878,-12.9306135595,24.8479305901
9.0100000000,-10.2699951283,-13.0870801364,25.4946828130
9.0200000000,-10.5431495180,-13.1812012374,26.1734355824
9.0300000000,-10.7959925899,-13.2067078714,26.8747916479
9.0400000000,-11.0236747980,-13.1586163678,27.5878224795
9.0500000000,-11.2214124343,-13.0336312089,28.3003063407
9.0600000000,-11.3846598309,-12.8305027343,28.9990859929
9.0700000000,-11.5092954198,-12.5502999311,29.6705360357
9.0800000000,-11.5918103964,-12.1965607947,30.3011153052
9.0900000000,-11.6294865826,-11.7752910142,30.8779658639
9.1000000000,-11.6205492170,-11.2947957291,31.3895095895
9.1100000000,-11.5642811583,-10.7653472548,31.8259886988
9.1200000000,-11.4610875013,-10.1987112183,32.1798993410
9.1300000000,-11.3125036605,-9.6075710942,32.4462778586
9.1400000000,-11.1211450936,-9.0049034200,32.6228159956
9.1500000000,-10.8906022791,-8.4033607262,32.7098013940
9.1600000000,-10.6252895408,-7.8147157367,32.7098996056
9.1700000000,-10.3302601208,-7.2494096750,32.6278101499
9.1800000000,-10.0110020747,-6.7162319688,32.4698394447
9.1900000000,-9.6732299366,-6.2221413521,32.2434367146
9.2000000000,-9.3226858352,-5.7722223274,31.9567357619
9.2100000000,-8.9649612275,-5.3697584342,31.6181373641
9.2200000000,-8.6053471690,-5.0163959371,31.2359562680
9.2300000000,-8.2487175938,-4.7123685117,30.8181454383
9.2400000000,-7.8994468724,-4.4567545217,30.3721001349
9.2500000000,-7.5613602624,-4.2477423530,29.9045365937
9.2600000000,-7.2377139185,-4.0828847065,29.4214349688
9.2700000000,-6.9311999112,-3.9593285985,28.9280336289
9.2800000000,-6.6439711461,-3.8740132626,28.4288614092
9.2900000000,-6.3776810446,-3.8238326779,27.9277954037
9.3000000000,-6.1335331990,-3.8057628700,27.4281337391
9.3100000000,-5.9123368069,-3.8169564581,26.9326749907
9.3200000000,-5.7145643949,-3.8548082853,26.4437981314
9.3300000000,-5.5404090752,-3.9169965859,25.9635389036
9.3400000000,-5.3898392715,-4.0015042091,25.4936601560
9.3500000000,-5.2626494649,-4.1066241279,25.0357149652
9.3600000000,-5.1585060274,-4.2309529629,24.5911022772
9.3700000000,-5.0769876272,-4.3733756547,24.1611154137
9.3800000000,-5.0176200065,-4.5330438009,23.7469841437
9.3900000000,-4.9799051614,-4.7093495887,23.3499111962
9.4000000000,-4.9633451097,-4.9018967111,22.9711041199
9.4100000000,-4.9674605225,-5.1104691908,22.6118033401
9.4200000000,-4.9918045367,-5.3349986266,22.2733071390
9.4300000000,-5.0359720680,-5.5755300391,21.9569941260
9.4400000000,-5.0996049167,-5.8321862093,21.6643435740
9.4500000000,-5.1823929085,-6.1051301796,21.3969537844
9.4600000000,-5.2840712485,-6.3945254041,21.1565584160
9.4700000000,-5.4044141969,-6.7004929133,20.9450404538
9.4800000000,-5.5432250957,-7.0230647805,20.7644432129
9.4900000000,-5.7003227095,-7.3621331678,20.6169774596
9.5000000000,-5.8755237746,-7.7173942893,20.5050233809
9.5100000000,-6.0686216102,-8.0882867899,20.4311257503
9.5200000000,-6.2793606198,-8.4739243151,20.3979802274
9.5300000000,-6.5074065274,-8.8730224775,20.4084083093
9.5400000000,-6.7523122552,-9.2838210458,20.4653180501
9.5500000000,-7.0134794766,-9.7040030234,20.5716473426
9.5600000000,-7.2901160828,-10.1306133802,20.7302863729
9.5700000000,-7.5811901075,-10.5599815601,20.9439759315
9.5800000000,-7.8853810696,-10.9876534979,21.2151787120
9.5900000000,-8.2010302334,-11.4083406677,21.5459217170
9.6000000000,-8.5260919490,-11.8158955179,21.9376095777
9.6100000000,-8.8580890016,-12.2033242869,22.3908111430
9.6200000000,-9.1940757248,-12.5628493051,22.9050251896
9.6300000000,-9.5306134456,-12.8860330087,23.4784355355
9.6400000000,-9.8637635014,-13.1639745043,24.1076709958
9.6500000000,-10.1891034559,-13.3875860738,24.7875910229
9.6600000000,-10.5017720430,-13.5479510837,25.5111227567
9.6700000000,-10.7965475840,-13.6367562308,26.2691784613
9.6800000000,-11.0679629984,-13.6467802582,27.0506826763
9.6900000000,-11.3104579459,-13.5724092534,27.8427345532
9.7000000000,-11.5185651792,-13.4101371228,28.6309219009
9.7100000000,-11.6871240670,-13.1590011890,29.3997892734
9.7200000000,-11.8115099508,-12.8208996390,30.1334440495
9.7300000000,-11.8878641492,-12.4007419431,30.8162642067
9.7400000000,-11.9133067848,-11.9063963703,31.4336528805
9.7500000000,-11.8861138417,-11.3484196246,31.9727717659
9.7600000000,-11.8058414449,-10.7395796454,32.4231814585
9.7700000000,-11.6733843284,-10.0942093775,32.7773238502
9.7800000000,-11.4909614352,-9.4274517194,33.0307992985
9.7900000000,-11.2620287332,-8.7544694400,33.1824166039
9.8000000000,-10.9911265423,-8.0896959941,33.2340221597
9.8100000000,-10.6836748327,-7.4461938068,33.1901406467
9.8200000000,-10.3457341700,-6.8351681901,33.0574787788
9.8300000000,-9.9837517832,-6.2656617499,32.8443531668
9.8400000000,-9.6043115835,-5.7444305861,32.5601029842
9.8500000000,-9.2139042971,-5.2759837480,32.2145394843
9.8600000000,-8.8187298579,-4.8627537780,31.8174705201
9.8700000000,-8.4245396129,-4.5053595305,31.3783223965
9.8800000000,-8.0365214220,-4.2029221212,30.9058665204
9.8900000000,-7.6592268968,-3.9533992345,30.4080463475
9.9000000000,-7.2965371147,-3.7539101618,29.8918919485
9.9100000000,-6.9516612600,-3.6010320773,29.3635051260
9.9200000000,-6.6271616951,-3.4910558202,28.8280968014
9.9300000000,-6.3249987967,-3.4201960046,28.2900594844
9.9400000000,-6.0465892877,-3.3847552531,27.7530601185
9.9500000000,-5.7928725466,-3.3812457233,27.2201416970
9.9600000000,-5.5643803095,-3.4064730786,26.6938251922
9.9700000000,-5.3613061558,-3.4575889309,26.1762061717
9.9800000000,-5.1835720954,-3.5321178763,25.6690428132
9.9900000000,-5.0308903972,-3.6279648309,25.1738338173
10.0000000000,-4.9028194837,-3.7434076753,24.6918859880
